name,age,email
John Doe,28,john.doe@example.com
Jane Smith,32,jane.smith@example.com
Michael Brown,45,michael.brown@example.com
Emily Johnson,22,emily.johnson@example.com
Chris Davis,37,chris.davis@example.com
Jessica Taylor,26,jessica.taylor@example.com
Robert Miller,30,robert.miller@example.com
Sarah Wilson,24,sarah.wilson@example.com
Kevin Anderson,41,kevin.anderson@example.com
Sophia Thomas,29,sophia.thomas@example.com
Brian Jackson,33,brian.jackson@example.com
Olivia Lee,35,olivia.lee@example.com
James White,27,james.white@example.com
Isabella Harris,31,isabella.harris@example.com
Ethan Martin,39,ethan.martin@example.com
Madison Thompson,23,madison.thompson@example.com
Alexander Martinez,36,alexander.martinez@example.com
Charlotte Garcia,38,charlotte.garcia@example.com
Daniel Robinson,40,daniel.robinson@example.com
Mia Lewis,25,mia.lewis@example.com
